Screen name,Name,NYT followers,All followers,Following ,Location,Bio
nytimes,The New York Times,591,15262305,975,New York City,"Where the conversation begins. Follow for breaking news, special reports, http://t.co/u15NNuLyJH homepage links and RTs of our journalists."
carr2n,david carr,520,467348,845,Jersey/NYC/Lincoln Tunnel,"David Carr, Media Equation column, blogs @ Decoder, covers pop culture at NYTimes. Tweets hi-low, news, whatnot. Author: Night of the Gun. http://t.co/fEFnmS7B"
nycjim,Jim Roberts,445,157176,1650,"iPhone: 40.751663,-73.989670","Executive editor & chief content officer of @Mashable; full-time student of the news, lover of social media & long-time follower of the Grateful Dead."
NateSilver538,Nate Silver,436,1136308,706,New York,"Editor-in-Chief, FiveThirtyEight. Author, The Signal and the Noise (http://t.co/9mLliQYI8N). Sports/politics/food geek."
SamSifton,Sam Sifton,436,124844,767,"Brooklyn, NY","Food Editor, The New York Times: http://t.co/GjB7LIgq1J. #NYTCooking"
brianstelter,Brian Stelter,428,268000,3958,New York City,CNN's senior media correspondent and host of @CNNReliable. Former @nytimes reporter. Wrote the NYT bestseller Top of the Morning. Email: bstelter@gmail.com
NewYorker,The New Yorker,427,4295884,291,"New York, NY","The New Yorker is a weekly magazine with a mix of reporting of politics and culture, humor and cartoons, fiction and poetry, and reviews and criticism."
romenesko,Romenesko,423,102066,1929,,
billkeller2014,Bill Keller,423,62111,242,New York,"Editor-in-chief, The Marshall Project, a non-profit newsroom covering crime and punishment in America @marshallproj"
Sulliview,Margaret Sullivan,423,30130,785,NYC,"New York Times public editor. First Amendment true believer. Former exec editor, Buffalo News. Teaching (& learning) @columbiajourn"
JillAbramson,Jill Abramson,399,35028,86,New York City,
DLeonhardt,David Leonhardt,398,61537,1028,"The New York Times, in D.C.","Now: editor, The Upshot, for NYT. Then: DC bureau chief, Here's the Deal e-book, Pulitzer for commentary, math major. Still: Jim Rice, ma la, Art Blakey"
lpolgreen,Lydia Polgreen,396,55219,928,"New York, NY",Bringing the New York Times to the world. polgreen@nytimes.com
deanbaquet,Dean Baquet,388,11639,74,new york city,Executive Editor of The New York Times
NickKristof,Nicholas Kristof,378,1563804,954,Everywhere,"NY Times columnist, co-author of Half the Sky & A Path Appears, http://t.co/bcxQaJYCMg Newsletter: http://t.co/EYhBhaKPv1"
sewellchan,Sewell Chan,368,22491,1260,New York City,"Deputy Editor, Op-Ed/Sunday Review, The New York Times. Follow us @nytopinion."
carolynryan,carolynryan,365,11105,2080,"Washington, D.C.","Washington Bureau Chief and Political Editor, NY Times. Blindly loyal to the Red Sox and the Simpsons. Lover of fiction, except in news stories."
amyoleary,Amy O'Leary,352,9078,3560,New York,@Upworthy Editorial Director. Former reporter/editor/multimedia/radio producer and @nytimes 2014 Innovation Report team. Tweets are ephemera.
JenniferPreston,Jennifer Preston,348,100858,6364,"Miami, Fla.","Thrilled to join @knightfdn as v.p. of journalism after 19 years @nytimes. Author, Queen Bess, the definitive bio of Bess Myerson. Preston@knightfoundation.org"
cjchivers,C.J. Chivers,345,46335,1795,,"Senior Writer, The New York Times, covering conflict, the arms trade and human rights. Author: THE GUN, a history of automatic arms & their influence on war."
lexim,Lexi Mainland,345,28304,1134,New York City,Journalist. Good secret keeper; bad liar. Red Sox native in Yankees territory. Alumna of @nytimes and @pbs.
ezraklein,Ezra Klein,338,735161,900,DC,"Editor-in-chief, http://t.co/hH5hVMv0KR. Policy analyst at MSNBC. Eater of food. Hater of filibuster. Lover of charts."
UpshotNYT,The Upshot,337,110426,278,"New York, NY","A New York Times website with analysis and data visualizations about politics, policy and everyday life. Newsletter: http://t.co/DclvAjp9cj"
palafo,"Patrick LaForge, NYT",334,29417,1109,New York City,"@nytimes's editor for News Presentation (copy editors, producers, researchers)."
NYTFridge,NYTFridge,329,10238,8423,"Somewhere on 8th Avenue, NYC","My contents reveal all. Email nytfridge at gmail dot com. Tweets do not suggest any affiliation with the NYT. 
 
 Winner of 2011 Stealth Tweet Award."
AP,The Associated Press,321,4706610,7347,Global,"News, discussion and behind-the-scenes insight from The Associated Press. Managed 24/7 by a team of editors based in New York: http://t.co/qej5Fpwahh"
sarahlyall,Sarah Lyall,321,18340,768,New York,New York Times writer at large; re-planted New Yorker
fisheri,Ian Fisher,320,2981,2494,New York,Deputy Executive Editor of The New York Times. Webbish.
ProPublica,ProPublica,316,351416,207,"New York, NY","We're a nonprofit, independent newsroom that produces investigative journalism in the public interest. Tweets by @terryparrisjr @amzam @anniezyu."
ravisomaiya,Ravi Somaiya,311,17921,612,,"Reporter, The New York Times. Ex-Londoner."
juliebosman,Julie Bosman,310,34907,1273,Chicago,National correspondent covering the Midwest for The New York Times.
samdolnick,Sam Dolnick,307,3807,1281,,NYT. mobile. condiments. sam.dolnick[at]nytimes[dot]com
jswatz,John Schwartz,305,8868,1685,"New York, NY",I work with my hands. NYT Beat: climate change. Wrote Oddly Normal http://t.co/7rpsnkiIsH Galveston BOI. Retweets are like those clippings your mom sends
mikeallen,Mike Allen,304,255800,94487,"Rosslyn, Va.","Chief White House correspondent, POLITICO"
WSJ,Wall Street Journal,300,5812507,990,"New York, NY",Breaking news and features from the WSJ. Tweets by @elanazak @allisonlichter @sarahmarshall @toddjolmstead and @carlazanoni.
NiemanLab,Nieman Lab,298,179282,814,"Cambridge, Mass.",We are the Nieman Journalism Lab at Harvard. We're trying to figure out the future of news.
nickconfessore,Nick Confessore,294,51960,990,,"Political reporter for The New York Times. Retweets = death threats. Yes, I do look a little like Pete Campbell in this picture."
mikiebarb,Michael Barbaro,291,14790,803,"New York, NY","Political reporter for The New York Times. I make a mean roasted chicken, I'm told. Email me at barbaro@nytimes.com"
damiencave,Damien Cave,288,15433,1702,Nueva York,"New York Times Deputy National Editor. Formerly known as a correspondent in Mexico City, Miami, Baghdad, Newark."
lisatozzi,Lisa Tozzi,288,14472,2228,"New York, N.Y.","News Director, BuzzFeed News. NYTimes alumna. The Master of Disaster. The King of Sting. The Count of Monte Fisto. lisa.tozzi@buzzfeed.com"
andyrNYT,Andrew Rosenthal,287,21014,393,New York,Editorial Page Editor of The New York Times
marclacey,Marc Lacey,287,5194,1649,"New York, NY","Associate Editor/Weekends @nytimes | Ex-Deputy Foreign Editor | Correspondent in Nairobi, Mexico City, Washington, Phoenix and Los Angeles"
jennydeluxe,Jenna Wortham,285,548253,1431,Brooklyn,//\\ Staff writer at New York Times Magazine \\// ‡ ◉ ‡ || ◉ || ‡ ◉ ‡ #yba
BuzzFeedBen,Ben Smith,285,200656,2329,"Brooklyn, NY",BuzzFeed Editor-in-Chief. Beats working for a living. Email or gchat me at ben@buzzfeed.com. AIM benobserver.
jackshafer,Jack Shafer,283,46723,660,"Washington, DC","Politico. Formerly Reuters, Slate, SFWeekly, Washington City Paper, Inquiry. Email list: http://t.co/qS6GJKmn8c RSS: http://t.co/gIrIllsnpY"
TheOnion,The Onion,282,6952806,12,,America's Finest News Source. Subscribe on YouTube: http://t.co/5h833w1KO1
michaelluo,Michael Luo,281,19651,1598,new york,"deputy metropolitan editor, new york times, running investigations and projects team; recovering former reporter"
FrankBruni,Frank Bruni,280,255730,400,"New York, NY","NYT columnist, food lover and book author, including the upcoming Where You Go Is Not Who You'll Be: An Antidote to the College Admissions Mania (March 17)"
washingtonpost,Washington Post,271,4038901,1159,"Washington, D.C.","Tweets about everything from breaking news to bad restaurants. Sometimes global, sometimes local. Led by @hermanywong and @MiGold."
jodikantor,jodikantor,268,27571,1550,NYC,"NY Times reporter. Wrote The Obamas, about the 1st couple in the White House. Mom. Hearts the guy/book at http://t.co/SHVJNsSJ79. Pays chocolate for story tips."
NYTMetro,NYT Metro Desk,267,100509,305,New York City,"Breaking news and headlines from the New York Times Metro desk, including the City Room blog, the daily New York report and the Sunday Metropolitan section."
nytopinion,NYT Opinion,265,142709,1400,"NYC, London, Paris, Hong Kong","Editorials, columns, Op-Ed essays, letters, blog posts, more from @nytimes. opinion@nytimes.com."
NYTimeskrugman,Paul Krugman,263,1309170,2,New York City,"Nobel laureate. Op-Ed columnist, @nytopinion. Author, “The Return of Depression Economics,” “The Great Unraveling,” “The Age of Diminished Expectations” + more."
peterlattman,Peter Lattman,263,15868,910,New York,"Deputy Business Editor, The New York Times. Naturally Gluten-Free."
bittman,Mark Bittman,262,479206,103,New Yawk,"Writer, New York Times; author, How to Cook Everything, The VB6 Cookbook, etc. Note: RT is not an endorsement; sarcasm in use."
cliffordlevy,Clifford Levy,262,5572,374,New York City,"Associate Managing Editor, @nytimes. Mobile-ist. Editorial lead on NYT Now. Two-time Pulitzer winner. Former Moscow buro chief."
TheAtlantic,The Atlantic,259,914233,948,"Washington, D.C.","Politics, culture, business, science, technology, health, education, global affairs, more. Account managed by @jakeswearingen."
jakesilverstein,Jake Silverstein,258,11253,753,New York City,Editor in Chief of The New York Times Magazine; formerly at Texas Monthly; author of Nothing Happened and Then It Did
StephenAtHome,Stephen Colbert,256,7481441,1,,pollywog
Longreads,Longreads,255,158545,10073,NYC / SF,"The world's best storytelling, since 2009. Use #longreads to share your favorite stories. Part of the @Automattic @WordPressdotcom family."
MarkLeibovich,Mark Leibovich,254,32948,601,.,"Chief National Correspondent, New York Times Magazine, based in Washington, DC. Author of This Town, http://t.co/fSuxyoNaRp"
TheEconomist,The Economist,251,7346987,117,London,"News and analysis with a global perspective. Follow for article updates, events and news from The Economist. To subscribe go to: http://t.co/VJbacSdRCj"
peterbakernyt,Peter Baker,251,29655,1208,,"Chief White House Correspondent, NY Times. Proud husband of Susan Glasser, Editor of Politico. Author of Days of Fire: Bush & Cheney in the White House"
jmartNYT,Jonathan Martin,250,84456,4431,"The 703, 202 or on the road","Nat'l Political Correspondent, NY Times. Husband of the incomparable @bfischermartin. Email - http://t.co/YoeNWgfj4W"
rudoren,Jodi Rudoren,250,15263,1033,Jerusalem,"Jerusalem bureau chief of NYT, mother of twins born 9/07. Yale 92 NNHS 88. Tweets mean hey, look at this, nothing more."
adamnagourney,adam nagourney,250,13358,601,,"LA Bureau Chief for The New York Times. Like newspapers, politics, food, music, NY, LA . Ideas (and criticism) welcome at adamnag@nytimes.com"
nybooks,NY Review of Books,249,817349,746,New York,‘The premier literary-intellectual magazine in the English language.’
davidfolkenflik,David Folkenflik,247,40060,1368,"New York, N.Y.","NPR media correspondent || 
 Author, Murdoch's World"
nickbilton,Nick Bilton,246,243613,899,LA,"Columnist, The New York Times. Author of the NYT Best Seller, Hatching Twitter."
BarackObama,Barack Obama,244,54729797,644822,"Washington, DC",This account is run by Organizing for Action staff. Tweets from the President are signed -bo.
nytpolitics,NYT First Draft,244,134823,217,Washington Bureau,"A fast-paced feed of news, analysis and dispatches from The Times political team. 
 
 
 
 Sign up for the First Draft email: http://t.co/KG4bSYjOtn"
amychozick,Amy Chozick,243,14888,1407,"New York, NY",Political reporter for The New York Times. Hillary Clinton chronicler. Former Tokyo correspondent. Native Texan. Email me at amy.chozick@nytimes.com
NYTmag,NYT Magazine,242,117701,80,"New York, NY","Features, columns, style and food coverage from The New York Times Sunday Magazine."
rickberke,Rick Berke,242,3375,284,"Washington, D.C.",Journalist
aoscott,a. o. scott,236,53335,1064,,"film critic, NY Times"
cnnbrk,CNN Breaking News,235,23937824,113,Everywhere,"Breaking news from reporters and editors on the CNN Digital news team. Now 23M strong. Check @cnn for all things CNN, breaking and more."
BBCBreaking,BBC Breaking News,234,13498910,3,"London, UK","Breaking news alerts and updates from the BBC. For news, features, analysis follow @BBCWorld (international) or @BBCNews (UK). Latest sport news @BBCSport."
motokorich,Motoko Rich,234,17238,1652,New York,"New York Times national K-12 education reporter. Back in the day: covered economics, book publishing, real estate. Still interested in all of it. WSJ, FT alum."
HillaryClinton,Hillary Clinton,233,2800108,9,New York,"Wife, mom, lawyer, women & kids advocate, FLOAR, FLOTUS, US Senator, SecState, author, dog owner, hair icon, pantsuit aficionado, glass ceiling cracker, TBD..."
AshleyRParker,Ashley Parker,233,37178,1692,,I remain skeptical about Twitter.
jonathanlandman,Jonathan Landman,233,21445,723,"New York, New York","@BloombergNews & @BV, Home of the QuickTake"
SashaK,Sasha Koren,232,7121,2023,NYC,"Editor/journalist. Proud alum of @nytimes in social/community, features, opinion, product, NYToday. West Sider. Keeper of small domestic zoo. Eyes open."
nytimesworld,New York Times World,231,955805,409,"New York, NY",World news from The New York Times. Follow our editors and correspondents here: http://t.co/dZjTQkxoyM
nprnews,NPR News,230,3300369,73994,"Washington, DC",News. Arts & Life. Music. Everything and more from NPR.
andrewrsorkin,Andrew Ross Sorkin,230,479374,1615,"New York, New York","New York Times Columnist & CNBC Squawk Box (@SquawkCNBC) Co-Anchor. Author, Too Big To Fail. Founder, @DealBook. Proud father. RTs ≠ endorsements"
ggreenwald,Glenn Greenwald,230,466632,998,,"Journalist with @The_Intercept - author, No Place to Hide - dog/animal fanatic - email/PGP public key (https://t.co/uJnK90oulZ)"
TomJolly,Tom Jolly,230,16519,815,"Manhattan / North Bergen, NJ","Associate Masthead Editor at The New York Times. NYT Sports Editor, 2003-11. Roots in Pittsburgh."
powellnyt,Michael Powell,230,8735,1444,New York City,"NYT Sports of the Times columnist. Former NYC cabbie, tenant organizer & doorman. Grew up UWS, live Brooklyn. Father 2 boyz."
DanBarryNYT,Dan Barry,229,5174,912,Here and There,This Land columnist for the NY Times. The guy who looks out of place no matter where he is.
lheron,Liz Heron,228,47464,2973,,"I oversee News Partnerships at @Facebook. New mom, Brooklynite. Priors: @WSJ, @NYTimes, @WashingtonPost. lizheron[@]http://t.co/OPx2oTKls7"
jwpetersNYT,Jeremy W. Peters,228,13873,395,"Washington, D.C.","Reporter, The New York Times"
crampell,Catherine Rampell,227,51251,400,Here and there. Usually NYC.,Opinion columnist at @washingtonpost. Previously econ reporter/moonlighting theater critic at @nytimes.
jayrosen_nyu,Jay Rosen,226,149373,920,New York City,"I teach journalism at NYU, direct the Studio 20 program there, critique the press and try to understand digital logic. I also advise media companies sometimes."
NYMag,New York Magazine,225,708164,852,"New York, NY","Defining the news, culture, fashion, food, and personalities that drive New York."
Slate,Slate,224,1295045,524,,"Politics, culture, technology, business, news, and commentary. Procrastinate better."
kimseverson,Kim Severson,224,74463,717,"Atlanta, Georgia","Domestic correspondent for The New York Times. Hunting for food, news and recipes. http://t.co/bKGPo5x7JW and http://t.co/SwIG9tE0wi"
NYTOnIt,The Times Is On It,223,39339,14,New York City,Because sometimes stories in newspapers are just *that* obvious. (This is a parody account clearly not associated with any newspaper.)
ddknyt,David D. Kirkpatrick,223,33518,953,Cairo,"Cairo Bureau Chief and Mideast Correspondent, The New York Times. I like to tweet NYT articles about the region by my colleagues, including those in DC"
HugoLindgren,HugoLindgren,222,13841,934,New York City & Venice Beach,Page 1
jeffzeleny,Jeff Zeleny,221,70011,1266,,ABC News Senior Washington Correspondent
Julesm_b,Julie Bloom,219,5674,2080,New York,"Senior Deputy Editor, The New York Times"
michaelroston,Michael Roston,218,10093,925,"Gramercy Park, New York",Senior staff editor for social media @nytimes. Star of the second screen.
jenny8lee,Jennifer 8. Lee,217,49714,5831,Out and about,"Co-founder of @plympton/@rooster. Producer @generaltsomovie. Also @upworthy, @newsdiffs, @hackshackers. Past: @nytimes, fortune cookies. jenny@jennifer8lee.com"
DwightGarner,Dwight Garner,217,28025,1135,,Senior writer and book critic for the New York Times.
fmanjoo,Farhad Manjoo,216,86660,2193,"Palo Alto, CA",I write about technology for the New York Times. Anyone can DM me. I prefer DM PR pitches. farhad.manjoo@nytimes.com
HirokoTabuchi,Hiroko Tabuchi,216,80594,6643,New York,"New York Times reporter. Foodie, bookworm. Part of Pulitzer Prize winning & finalist teams,'13 &'12. Ex-Tokyoite, LSE grad. Kobe born & raised."
pete_wells,Pete Wells,216,78271,645,Undisclosed location(s),Corporate rustic.
jimrutenberg,jimrutenberg,215,7390,1994,BKLYN-East End L.I.,"Chief Political Correspondent, NYT Magazine"
Reuters,Reuters Top News,212,6119925,1048,Around the world,"Top and breaking news, pictures, and videos from Reuters."
pilhofer,Aron Pilhofer,212,15160,1145,"London, UK",Executive editor of digital at the @Guardian. Proud @nytimes alum. Co-founder of @documentcloud & @HacksHackers. Corinthian yachtsman.
politico,POLITICO,211,1098426,962,"Washington, D.C.",Nobody knows politics like POLITICO.
Rueby,ES Rueb,211,6107,1671,"New York, NY","@nytmetro editor; hawks, birds, bees; #metdiary; real mayors of new york; photo-taker for http://t.co/R0YnYENf6G."
ABarnardNYT,Anne Barnard,210,23658,1316,"Beirut, Lebanon","NYTimes Beirut bureau chief, cover Syria, Middle East. Former Boston Globe Iraq-ME buro chief. Russia hand. Mother. New Yorker. RT=look!"
coopnytimes,Michael Cooper,210,9668,927,New York,"Reporter covering classical music and dance for The New York Times. Previously politics, urban affairs, the downturn, New York, crime, general mayhem..."
BreakingNews,Breaking News,209,7304997,519,Global,"Get our free iOS or Android app to unlock more updates, see news near you and customize your own alerts..."
WhiteHouse,The White House,206,5825152,195,"Washington, DC",Follow for the latest from President Obama and his administration. Tweets from the President are signed –bo. Tweets may be archived: http://t.co/KcS2bmEJun.
NYTnickc,Nick Corasaniti,206,2671,1084,"Washington, D.C.","First Drafter at New York Times Washington Bureau. Also, I surf & like sandwiches. NYCer at heart, future Hawaii resident. corasan@nytimes.com"
andylocal,Andy Newman,205,11721,613,"Bk, Bx, Manh, Qns, S.I.","NYT metro reporter since '97, now doing The Times's New York Today column."
rupertmurdoch,Rupert Murdoch,204,561084,94,,
RobertMackey,Robert Mackey,204,15558,1132,New York,"Currently writing @NYTOpenSource column for @nytimesworld. 2,124 things I mentioned earlier: http://t.co/hLxpLYNUk0"
tanzinavega,Tanzina Vega,204,11095,2996,New York City,Native New Yorker. New York Times reporter. Contact tanzina@nytimes.com
jestei,jennifer steinhauer,204,4752,867,Washington DC,I write newspaper articles about places in the MidAtlantic region. Bourbon is my favorite food group.
NYTOpenSource,NYT Open Source,203,45055,86,"New York, NY",Open Source is a web-only column for @nytimesworld written by @RobertMackey.
adamliptak,Adam Liptak,203,21608,301,,Supreme Court reporter for The New York Times
rcallimachi,Rukmini Callimachi,203,14228,1406,"New York, New York","Foreign correspondent for The New York Times, focusing on al-Qaeda and Islamic extremism. Previously West Africa bureau chief for The Associated Press."
meslackman,Michael Slackman,203,3889,565,New York City,"International Managing Editor for The New York Times. Previously posted in Cairo, Berlin, Moscow, Albany and Melville, Long Island Retweets are not endorsements"
felixsalmon,Felix Salmon,201,146259,1521,"ÜT: 40.722909,-73.981973","To test the resolution of the young with tales of the small failings of the great, and shame the eager with ironic praise."
AnnieLowrey,Annie Lowrey,201,41568,874,Washington,I write about the economy for @nymag.
TylerHicksPhoto,Tyler Hicks,201,29937,25,Kenya,Staff Photographer for The New York Times.
fstonenyt,David Firestone,201,6163,947,New York,"Former New York Times reporter, editor, and editorial board member. (Brooklyn, ex-K.C.)"
voxdotcom,Vox,200,204294,107,,Understand the news.
mlcalderone,Michael Calderone,200,41087,1086,"Brooklyn, NY",Huffington Post senior media reporter; NYU adjunct professor michael.calderone@huffingtonpost.com
FiveThirtyEight,FiveThirtyEight,199,425083,170,"New York, NY","The home of Nate Silver's FiveThirtyEight on Twitter. Politics, Economics, Science, Life, Sports."
blakehounshell,Blake Hounshell,199,91973,3643,Washington,"Editorial director, digital, at POLITICO, formerly at Foreign Policy. Mostly international, some politics. RT means it's interesting. bhounshell[at]politico"
dickstevenson,Dick Stevenson,199,6822,492,,"Editor, Europe/The New York Times/International NYT"
louisestory,Louise Story,198,22496,1414,New York City,"Reporter, New York Times. Tweets mostly about the media, great stories I spot, stories I write & business news. Member of Times' Innovation Committee(9/13-5/14)"
NYTArchives,NYT Archives,197,31458,55,"New York, NY",Highlights from the 163-year-old archive of The New York Times. Links to TimesMachine are publicly available for seven days after we tweet them.
ditzkoff,Dave Itzkoff,196,36975,900,the holy goddam New York Times,"'As a Jew, I'm very judgmental. 
 
 As a street Jew, doubly so.'' 
 
  --Sidney Lumet"
grynbaum,Mike Grynbaum,195,8146,743,"New York, NY","New York Times, City Hall Bureau Chief. Twitter dot com, @grynbaum Bureau Chief."
dansaltzstein,Dan Saltzstein,194,14544,1716,"Woodside, NY","Editor at The New York Times Travel section. “It's a big world, and I really like it.” -- George Saunders, who can do no wrong."
EllenBarryNYT,Ellen Barry,193,14660,1104,New Delhi,"South Asia bureau chief for The New York Times, longtime Moscow correspondent, retweets are not endorsements. Write me at ebarry@nytimes.com."
nytimesphoto,NYT Photo,192,809331,439,New York,Tweeting about photography and visual journalism in the news and on our radar. Contact us: lensnytimes@gmail.com. Banner photo: @gdemczuk
BBCWorld,BBC News (World),191,8838910,61,"London, UK","World News, features and analysis (http://t.co/JnU7o4nQJx). For UK news, follow @BBCNews. For breaking news, follow @BBCBreaking. Latest sport news @BBCSport."
RachelDonadio,Rachel Donadio — NYT,190,9518,1447,,"Culture Correspondent for the New York Times, based in Paris. Previously Rome Bureau Chief. I write in English, je vis en Français, ma sogno sempre in Italiano."
frankrichny,Frank Rich,189,65184,1012,NYC,"Writer-at-Large, NEW YORK / Executive Producer, VEEP (HBO)"
Gawker,Gawker,188,501787,668,,Today's gossip is tomorrow's news
Poynter,Poynter,187,122819,1501,"St. Petersburg, Fla.","School for journalism & democracy, with tweets by @kristenhare, @benmullin & @sliss33"
nytimescollins,Gail Collins,187,41675,26,New York City,"Op-Ed columnist, @nytopinion. Author of “When Everything Changed: The Amazing Journey of American Women from 1960 to the Present,” “As Texas Goes…” and more."
MichaelSSchmidt,Michael S. Schmidt,187,4541,1206,Washington D.C.,Reporter for The New York Times in Washington.
page88,Virginia Heffernan,186,27818,9540,Brooklyn,"Columnist, NYTM. Editorial Director, West. Visiting Scholar, NYU. Magic + Loss: The Pleasures of the Internet, out 8/15 from Simon & Schuster."
Wendo20,Wendell Jamieson,186,2130,414,,"NYT Metro Editor. Worked for four major papers in NYC. (NY Newsday, RIP). Grew up in Park Slope. 2 kids in public schools. Married 20 years"
nytmedia,NYT Media,185,58984,129,"New York, NY","Links to breaking news, commentary and analysis about the media and advertising industries by The New York Times."
maggieNYT,Maggie Haberman,185,53911,1885,,RTs don't necessarily mean agreement.
viaSimonRomero,Simon Romero,185,14837,1860,Brazil,"New York Times bureau chief in Brazil, covering LatAm's Southern Cone. Instagram: simongromero. New Mexico born & raised. Eternal question: red or green?"
tarangoNYT,Tim Arango,185,11662,1019,,I am the Baghdad Bureau Chief of The New York Times.
guardian,The Guardian,184,3252232,1084,London,"Top stories, special features, live blogs and more"
NYTimesDowd,Maureen Dowd,184,128377,71,"Washington, DC","Op-Ed columnist, Pulitzer Prize winner, @nytopinion. Author, “Bushworld: Enter at Your Own Risk” and “Are Men Necessary?: When Sexes Collide.”"
BeschlossDC,Michael Beschloss,184,118463,1305,Biographical:,"Presidential Historian, 9 books. Contributor, @NBCNews, PBS @NewsHour. Born Chicago. Williams College. New York Times Columnist (HistorySource, incl. sports)"
greenhousenyt,Steven Greenhouse,184,21091,225,New York,"Long-time labor reporter for New York Times. Author of “The Big Squeeze” about American workers. Follows politics, economics, education, human rights"
PamelaPaulNYT,Pamela Paul,183,17299,507,New York,Editor of The New York Times Book Review. On the production and consumption of culture. Some mutterings.
shearm,Michael D. Shear,183,14505,885,,White House Correspondent The New York Times
jdavidgoodman,jdavidgoodman,183,7260,1011,New York City,Covering the cops for The New York Times from a windowless office in 1 Police Plaza.
LaSharah,LaSharah Bunting,183,2431,1751,New York,"Senior editor for digital training and recruitment, The New York Times. Past: web and assignment editor at The Times. Raised in Nebraska, but Harlem is home."
lenadunham,Lena Dunham,182,2042817,682,bedridden,hermit about town
nytvideo,New York Times Video,182,65600,369,"New York, NY",Official feed of videos published by The New York Times. Sign up for our weekly newsletter: http://t.co/Sboybb2IfS
sergenyt,Serge Kovaleski,182,2970,443,New York City,Culture & Arts Correspondent and Investigative Reporter at The New York Times. Please contact at kovaleski@nytimes.com with any important culture stories.
billclinton,Bill Clinton,181,2948946,10,"New York, NY","Founder, Clinton Foundation and 42nd President of the United States. Follow @clintonfdn for more on my work around the world."
drewvigal,Andrew DeVigal,181,17445,2526,"Portland, OR","Chair in Journalism Innovation & Civic Engagement, @UOsojc | Co-founder, @a4thact | alumnus: @NYTimes, @SecondStory"
thejoesexton,joseph sexton,181,1043,462,new york,Senior editor @ProPublica. Foul mouth. Big heart. Likes to go hard.
SarahMaslinNir,Sarah Nir,180,6758,699,"@ueens, New York",Reporter and Columnist for The New York Times
RyanLizza,Ryan Lizza,179,42802,1937,D.C.,"write for @newyorker, talk on @cnn, teach at @georgetown"
hillhulse,carl hulse,179,16174,1005,"Washington, D.C.","Chief Washington Correspondent of
 
 The New York Times; First Drafter"
chaughney,Christine Haughney,179,6078,1997,New York City,"Independent journalist. Former New York Times, Wall Street Journal, Washington Post.Can be reached at ChristineHaughneyDB@gmail.com"
Jeffdelviscio,Jeff DelViscio,179,3164,1515,,"Doing stuff for @qz & @Timeline_Now. Formerly @nytimesscience, @nytimesworld & a lot of other @nytimes stuff."
stephcliff,Stephanie Clifford,178,12986,993,New York,"NYT reporter by day, covering Brooklyn courts; novelist by very early day (EVERYBODY RISE, coming in August from St. Martin's Press). sclifford@nytimes.com."
sullydish,Andrew Sullivan,175,118135,82,Provincetown,Follow all Dish posts @dishfeed
emilynussbaum,emilynussbaum,175,66576,900,,TV Critic for The New Yorker. Has wi-fi.
comradewong,Edward Wong,175,31946,631,Beijing,Beijing Bureau Chief for The New York Times. Former Iraq correspondent. Retweet is not an endorsement and opinions are my own.
NYTimesComm,NYTCo Communications,175,24190,1106,"New York, NY","News from NYT's PR team - @NYTeileen, @daniellerha, @lindazebian, @S_Yera, @jorcohen, @tayloff & @EdwardBohan"
jeligon,John Eligon,175,3984,893,"Kansas City, MO",Midwest Correspondent for The New York Times based in Kansas City
ShreeyaSinha,Shreeya Sinha,174,16248,1441,New York,Senior digital editor at @nytimes International desk | Fmr Adjunct Prof @cunyjschool | Of @asiasociety @mediastorm | Raised in Nigeria Zimbabwe Vietnam & India
BCAppelbaum,Binyamin Appelbaum,173,26495,664,"Washington, DC",Washington correspondent for The New York Times. bappelbaum@nytimes.com
charlie_savage,Charlie Savage,173,16776,1235,"Washington, D.C.",New York Times reporter http://t.co/YZkBls4zLM; author of the book Takeover http://t.co/vTRqleyEu8; PGP public key http://t.co/krDL3FMVSA
campbellnyt,Campbell Robertson,173,4192,738,New Orleans,Southern correspondent for The New York Times
MikeBloomberg,Mike Bloomberg,172,677614,283,New York City,"Entrepreneur, philanthropist, and three-term mayor of New York City"
clairecm,Claire Cain Miller,172,68897,1238,sf | pacific nw at heart,"@nytimes reporter covering tech + gender/work/family for @UpshotNYT,
 
 foodie, féministe"
bydanielvictor,Daniel Victor,172,14738,2192,"New York, NY","I write the things for Watching on the @nytimes home page. PSU alum, @ONANYC co-organizer. Here's a joke to show how casual and hip I am."
herszenhorn,David M. Herszenhorn,172,9051,314,dahers@nytimes.com,"New York Times reporter based in Moscow, covering Russia, Ukraine, Crimea, Caucasus, Baltics, Central Asia, И.Т.Д. - Корреспондент, Нью-Йорк Таймс"
SteveMartinToGo,Steve Martin,171,5625086,113,Texas tour at end of July!,Currently on a Twitter sparseness and work hiatus so I can actually work.
JBennet,James Bennet,170,11344,903,Washington,"editor in chief, The Atlantic"
DavidBarboza2,David Barboza,169,16523,727,Shanghai,I'm the Shanghai Bureau Chief of The New York Times
fionaspruill,Fiona Spruill,169,7437,1039,,VP Product @Meetup. Former @NYTimes editor for mobile and web.
jimdao,Jim Dao,169,4536,832,New York City,"New York Times deputy national editor. At War blog. Husband, father, cyclist, usually in that order. RTs do not = endorsements, unless they do."
mattyglesias,Matt Yglesias,168,130423,501,"Washington, DC",Executive Editor at Vox.
mosisecret,Mosi Secret,168,2978,719,Brooklyn,"Reporter with The New York Times. Send tips to mosi.secret@nytimes.com. Yes, that's my real name."
deanemurphy,Dean E. Murphy,168,2414,294,New York Times,"Business Editor, The New York Times"
nytfood,NYT Food,167,512907,154,"New York, NY","Restaurant reviews, food news, recipes and more from our reporters and editors."
NewYorkObserver,New York Observer,166,162789,68086,New York City,"A sophisticated take on news, culture, politics, luxury. Top stories from http://t.co/xYhMUL3lpy, @Betabeat, @ObserverArts, @ObserverPols, @CommObserver & more."
jacobwe,Jacob Weisberg,166,26539,675,New York,"Jacob Weisberg runs the Slate Group, reads a lot, and writes about politics."
TheDailyShow,The Daily Show,165,3193801,64,,"Jon Stewart and The Best F#@king News Team. Mon-Thurs at 11/10c on @ComedyCentral. Full episodes, videos, guest information. #DailyShow"
JamesFallows,James Fallows,165,62368,674,,"National correspondent, the Atlantic"
nytedgerley,Susan Edgerley,165,5114,676,"New York, New York","Deputy Food Editor of The New York Times, #NYTCooking"
dannyhakim,Danny Hakim,164,6663,1406,,NYT European Economic Correspondent
SarahKSilverman,Sarah Silverman,163,6009072,513,state of Palestine,"We're all just molecules, Cutie."
maddow,Rachel Maddow MSNBC,163,3110058,1856,"New York, NY USA","I see political people...
 
 (Retweets do not imply endorsement.)"
nicoleperlroth,Nicole Perlroth,163,12860,2463,SF | NYC,@nytimes cybersecurity reporter | spies on spies | runs with giraffe
daniellemattoon,Danielle Mattoon,163,3779,831,,New York Times Culture Editor.
alexmaccallum,alex maccallum,163,2024,667,brooklyn,Assistant Managing Editor for Audience Development @nytimes
jimschachter,Jim Schachter,162,10725,569,"New York, NY","Tweeting from New York City's own station, WNYC 93.9FM/AM820, and http://t.co/l1UjBeaWWT, as vp for news."
SangerNYT,David Sanger,160,14951,541,"Washington, DC","National Security Correspondent, The New York Times
 Author of Confront and Conceal: Obama's Secret Wars and Surprising Use of American Power (2012)"
mattfleg,Matt Flegenheimer,160,3535,520,New York,"Reporter, @nytimes. ''Rob Thomas, circa 1998''-@NYTFridge"
davidaxelrod,David Axelrod,159,339697,326,,"Author, Believer: My Forty Years in Politics. http://t.co/3Etx6gsJa4.
 Views expressed here are my own."
daveweigel,daveweigel,159,151846,5672,"Washington, D.C.","Roving reporter for @bpolitics. Finishing a book about progressive rock (W.W. Norton, 2015). daveweigel@gmail.com, 302-507-6806."
JeffreyGoldberg,Jeffrey Goldberg,159,68182,986,"Washington, D.C.","National Correspondent, The Atlantic http://t.co/rEgQTclYQT"
MarkLandler,Mark Landler,159,8339,397,"Washington, DC","White House correspondent, New York Times; weekly columnist, Listening Post"
MichaelPaulson,Michael Paulson,159,8041,1054,"New York, NY","National religion reporter at The New York Times.
 
 Living in New York; missing New England."
vikasbajaj,Vikas Bajaj,158,21990,1162,New York,"I cover business, technology and international economics for the editorial page of @nytimes, Previous: Mumbai bureau chief; markets and housing reporter."
nycscribe,Joe Kahn,158,2561,318,New York,"International Editor, The New York Times"
jaketapper,Jake Tapper,157,381922,3737,,CNN Anchor and Chief Washington Correspondent. Dissecting my tweets with Talmudic meticulousness will result in wrong conclusions. RTs do not = endorsement.
AntDeRosa,Anthony De Rosa,157,82422,5105,"Jersey City, NJ",Editor-In-Chief @Circa / anthony@cir.ca / PGP: https://t.co/VcygWH0KEB
NYTNational,NYT National News,157,55374,327,From Sea to Shining Sea,Breaking news and in-depth reporting from the National Desk of The New York Times.
jennymedina,Jennifer Medina,157,4831,1074,Los Angeles,New York Times national correspondent in LA. Southern California native. Still trying to understand the place. Explanations welcome: jemedina@nytimes.com
jimdwyernyt,Jim Dwyer,157,3686,394,New York,"writer: newspapers mostly, books occasionally"
pvolpe,Paul Volpe,156,3210,1034,"Washington, DC",Deputy Washington Bureau Chief for Digital @nytimes. Moderately useful and sometimes amusing. Rochester with a dash of Carolina.
ConanOBrien,Conan O'Brien,155,14751971,1,Los Angeles,"The voice of the people. Sorry, people."
pourmecoffee,pourmecoffee,155,198534,1247,USA,☕
declanwalsh,Declan Walsh,155,69473,977,"Islamabad, ideally",New York Times Pakistan Bureau Chief.
DylanByers,Dylan Byers,155,34992,2967,"Venice, Calif.","Media Reporter, POLITICO | Phone: 571-269-1882 | Email: dbyers@politico.com | G-Chat: w.dylan.byers | Views are my own. RTs ≠ endorsements."
janinegibson,Janine Gibson,155,24854,1262,London,"editor in chief, http://t.co/rwDLvGkKaP
 janine.gibson@theguardian.com"
PressSec,Josh Earnest,154,564870,519,"Washington, DC","@WhiteHouse Press Secretary, voice of West Wing Week, Kansas City native & life-long Royals fan. Tweets may be archived: http://t.co/KcS2bmEJun."
Awl,The Awl,154,52603,1436,New York City,Be Not Bored!
fernandaNYT,Fernanda Santos,154,9430,483,PHX,"NYT Phoenix bureau chief, on leave as I work on a book about the Granite Mountain Hotshots and one of the deadliest days in American firefighting."
kseelye,Katharine Q. Seelye,154,4257,720,Boston,"New York Times New England bureau chief, based in Boston."
chucktodd,Chuck Todd,153,466715,1442,"Washington, DC","Moderator of @meetthepress and @nbcnews political director; Covering politics since '92; And, yes, I tweet about sports too."
BilldeBlasio,Bill de Blasio,153,166007,635,"New York, NY",Lucky husband of @Chirlane. Proud public school parent. 109th Mayor of New York City.
Choire,Choire,153,24699,1009,ALL THINGS PASS INTO THE NIGHT,"Twitter cyborg—half-human, half-robot. ❇️"
derekwillis,Derek Willis,153,9209,737,MD/DC/NY/online,"Working on The Upshot, mostly Congress and campaign finance. Keeping mold from happening. Also cricket. dwillis@nytimes.com"
nytham,Hamilton Boardman,153,1111,989,New York,"Senior editor, news desk at The New York Times. Retweets are retweets. Ceci n'est pas une pipe."
thegarance,Garance Franke-Ruta,152,39907,5086,"Washington, D.C.","Washington Editor, @YahooNews. Your early warning system. Politics, media, breaking."
Graham_Bowley,Graham Bowley,152,4639,3350,New York,"New York Times reporter, formerly Financial Times & International Herald Tribune. I write about the art world. British, I live in New York. Author, No Way Down"
tanehisicoates,Ta-Nehisi Coates,151,117390,421,Galena,I propose to move immediately upon your works.
rpogrebin,Robin Pogrebin,151,4221,1727,New York City,New York Times reporter covering cultural news for the Arts section.
coreykilgannon,Corey Kilgannon,151,3312,127,"New York, NY",New York Times reporter covering NYC. corey@nytimes.com
Pogue,David Pogue,150,1546633,1759,USA,"Tech columnist, Yahoo; PBS NOVA host; Missing Manuals creator, dad of 3!"
susanorlean,Susan Orlean,150,288822,1308,New York,"Writer, writer, writer. Oh, I also write."
longform,Longform,149,72971,2103,"Brooklyn, NY","The best articles on the web, recommended daily. Also: @LongformApp/@LongformPodcast."
JimBYardley,Jim Yardley,148,6857,493,"Rome, Italy","Rome Bureau Chief for The New York Times. I spent the last decade reporting in China, India and Bangladesh. Author of Brave Dragons."
gabrieldance,gabriel dance,148,5627,2419,brooklyn,"managing editor, covering crime and punishment @MarshallProj. colorado native. likes fishing and dogs. PGP: https://t.co/PVSZiAX9pY"
monicadavey1,Monica Davey,148,4274,824,,"Chicago Bureau Chief, The New York Times"
katephillips,katephillips,148,3684,891,new york,"NYT Bizday editor for retail/food/consumer/labor, etc. Former online politics editor, polling editor. NYC/DC habitats. TV addict."
Duenes,Steve Duenes,148,3530,500,,"Graphics Director, New York Times"
ariannahuff,Arianna Huffington,147,1769489,2597,,"mother, sister, flat shoe advocate, sleep evangelist. author of THRIVE, now in stores http://t.co/5sOtaWZu76"
BorowitzReport,Andy Borowitz,147,524068,34,New York,There is a fine line between social networking and wasting your fucking life.
sree,sree sreenivasan,147,62959,6450,"New York, NY","Chief Digital Officer, @MetMuseum http://t.co/pwTVqrmzp3 • 21yrs @ColumbiaJourn/@Columbia • 15yrs++ @RoopaOnline • PODCAST: http://t.co/WUeoiRfhTo sree@sree.net"
mattbai,Matt Bai,147,16296,628,"Washington, DC",@YahooNews National Political Columnist. Former @NYTMag. Author of ALL THE TRUTH IS OUT: http://t.co/ZTsOxnTFkq
VivianHYee,Vivian Yee,147,3281,1025,"Brooklyn, New York",I write about all things Brooklyn for the @nytimes. Tweet about some other things too. vivian.yee@nytimes.com
andersoncooper,Anderson Cooper,146,5565207,194,New York,"Personal tweets by Anderson Cooper. Anchor of @AC360, weeknights at 8p/ET on CNN and correspondent for @60Minutes on CBS"
nxthompson,Nicholas Thompson,146,35022,1102,New York,Editor of New Yorker .com. Co-founder of The Atavist.
DavidGrann,David Grann,146,31269,1121,"New York, NY",Staff Writer @NewYorker. Author The Lost City of Z and The Devil and Sherlock Holmes
DVNJr,Don Van Natta Jr.,146,31143,1335,Miami,"Senior Writer for @ESPN & @ESPNMag. NYT Bestselling Author of First Off the Tee, Her Way & Wonder Girl. Curator of The Sunday Long Read. Bourbon sipper."
thomaskaplan,Thomas Kaplan,146,10175,889,New York,"Albany reporter for The New York Times, writing about New York State government and politics. Email: thomas.kaplan@nytimes.com."
susanchira,Susan Chira,146,751,275,,
WIRED,WIRED,145,4027505,184,San Francisco/New York,WIRED is where tomorrow is realized.
CharlesMBlow,Charles M. Blow,145,124406,1189,Brooklyn,@NYTimes Op-Ed columnist. Author of #FireShutUpInMyBones Order: http://t.co/ziVBOxWZBY Bookings: http://t.co/cP9EpY0bGg
StevenErlanger,Steven Erlanger,145,7865,477,London,"London bureau chief, New York Times"
caraNYT,Cara Buckley,145,4103,988,New York City,@nytimes culture reporter; newly minted 'Bagger covering Hollywood awards season and related hijinks
brainpicker,Maria Popova,144,532888,292,"Brooklyn, NY",Reader/writer. Founder of @brainpickings. MIT Fellow.
TheFix,Chris Cillizza,144,242348,2021,"Washington, D.C.","WaPo's Chris Cillizza. Editor of The Fix. MSNBC political contributor. Mark it 8, Dude."
Gothamist,Gothamist,144,223389,543,"New York, NY",Gothamist is a website about New York City and everything that happens in it.
NYTLive,New York Times Live,144,94914,2,"New York, NY",In-depth Twitter curation of major news stories by New York Times editors.
tnyCloseRead,Amy Davidson,144,33116,487,New York City,I'm a staff writer at The New Yorker magazine. I also edit newyorker. com's Daily Comment.
PostBaron,Marty Baron,144,11897,502,"Washington, D.C.","Executive Editor, The Washington Post"
darlin,Damon Darlin ✒️,144,7931,1153,Washington,Editor at The New York Times's policy/politics/economics site: The Upshot.
jackhealyNYT,jack healy,144,4108,536,,"Once in Baghdad, now Rocky Mountain correspondent for The New York Times. Total sucker for one adopted Iraqi kitten. Write: jack.healy@nytimes.com."
CNN,CNN,143,15857522,1064,,It’s our job to #GoThere and tell the most difficult stories. Come with us!
AmbassadorPower,Samantha Power,143,138874,343,"New York, NY","United States Ambassador to the United Nations, mother, human rights defender, teacher, writer, and member of #RedSoxNation."
jeremyzilar,Jeremy Zilar,143,5005,1636,"NYC: 40.660719,-73.962894",Starting something new. Formerly Editorial and Design Strategy at @nytimes. Married to @oubliette. jeremyzilar@gmail.com
parisreview,The Paris Review,142,434535,2691,"New York, NY",Quarterly literary magazine founded in 1953.
Revkin,Andy Revkin,142,64968,6260,"Hudson Valley, NY, USA","Pursuing progress on a finite planet at @dotearth and http://t.co/GOThNWJMOv The rest? Family, friends, songs: http://t.co/pobRQ1oXrA http://t.co/tZ7LcelagO"
jonathanweisman,Jonathan Weisman,142,24420,797,"Washington, DC","Economic policy reporter, The New York Times"
dianabhenriques,Diana B. Henriques,142,6185,1001,New York CIty,Author of bestseller 'The Wizard of Lies: Bernie Madoff and the Death of Trust' and 'The White Sharks of Wall Street'. Contributing writer @NYTimes.
jessemckinley,Jesse McKinley,142,2827,1185,"Albany, NY","Jesse is a reporter for the NY Times, based in Albany, after stints in SF, culture and features. Jemcki@nytimes.com. 212-556-4181"
KBAndersen,Kurt Andersen,141,34077,500,New York City,"My novel True Believers (http://t.co/0CVQhFZMcV) is now out in paperback. I also wrote Heyday and Turn of the Century, and host @Studio360show."
NYTMinusContext,NYT Minus Context,140,53054,925,,All Tweets Verbatim From New York Times content. Not Affiliated with the New York Times. Follow @NYTPlusContext for context. NYTMinusContext@gmail.com
jonathanchait,Jonathan Chait,140,49495,244,"Washington, D.C.",Writer for New York magazine. jbchait@gmail.com; a no-talent illiterate hack -- Donald Trump
koblin,John Koblin,140,12141,675,Brooklyn,"Styles reporter, The New York Times. john.koblin [at] http://t.co/zGJ4T9rCnp"
FrancesRobles,Frances Robles,140,5657,2416,"Miami, FL","New York Times correspondent for Florida, the Caribbean and Central America."
davidjoachim,"David Joachim, NYT",140,5179,1508,"Washington, D.C.","Assistant Washington editor, @nytimes. Contributor, First Draft. Lecturer, GWU. Queens native. Posting what I'm reading. No need to thank me."
OnThisDayNYT,New York Times OTD,140,2139,2300,,Front pages of The New York Times from this day in history.
samanthastorey,Samantha Storey,140,1714,1301,"Brooklyn, N.Y.","Senior Staff Editor, National, @nytimes. Packed lunch expert. Say hi: samantha [dot] storey [@] http://t.co/Cro9lzlrkH"
Medium,Medium,139,1075949,133,"San Francisco, CA, US",Everyone’s stories and ideas
HowardKurtz,HowardKurtz,139,134091,172,Washington D.C.,"Media guy, Fox News host and commentator, author, ex-ink-stained wretch"
CJR,CJR,139,58486,2609,"New York, NY","Monitoring the press, tracking the evolving media business & encouraging excellence in journalism since 1961."
dougmillsnyt,Doug Mills,139,26197,503,"Washington, DC",
mattapuzzo,Matt Apuzzo,139,11731,793,"Washington, DC","People do things. I tell others about it. I don't actually do the things. What I do, though, I do for the NYT. Before that, AP."
michikokakutani,Michiko Kakutani,139,9127,905,"New York, NY","chief book critic, The New York Times"
nkulish,Nicholas Kulish,139,4621,1059,New York,"Nicholas Kulish is a writer and correspondent for The New York Times. He is the author of The Eternal Nazi, published by Doubleday in spring 2014."
nytimesarts,New York Times Arts,138,1316473,81,"New York, NY",Arts and entertainment news from The New York Times.
thedailybeast,The Daily Beast,138,766359,759,,"Scoops, Scandals and Secret Worlds"
,,,,,,
Source: TWIANGULATE.COM (C) 2015,,,,,,
Related to: http://twiangulate.com/blog/remembering-david-carr,,,,,,
"For more information or @ccounts beyond the top 300, write info@twiangulate.com",,,,,,